Cargo;Nome (ordem alfabética);UF;Partido 2022;Votos 2022;Candidatou-se novamente em 2026?;Votos em 2026;Foi eleito em 2026?;Partido 2026;Nome usado em 2026;Situação 2026
Deputado Federal;Abílio;MT;PL;87072;Não;;Não;;;Não localizado como candidato ao mesmo cargo
Deputado Federal;Acácio Favacho;AP;MDB;24064;Não;;Não;;;Não localizado como candidato ao mesmo cargo
Deputado Federal;Adail Filho;AM;REPUBLICANOS;90028;Sim;137148;Sim;MDB;ADAIL FILHO;Reeleito
Deputado Federal;Adolfo Viana;BA;PSDB;123199;Sim;119865;Sim;PSDB;ADOLFO VIANA;Reeleito
Deputado Federal;Adriana Ventura;SP;NOVO;109474;Sim;69083;Sim;NOVO;ADRIANA VENTURA;Reeleito
Deputado Federal;Adriano do Baldy;GO;PP;95518;Sim;123011;Sim;PP;ADRIANO DO BALDY;Reeleito
Deputado Federal;Aécio Neves;MG;PSDB;85341;Sim — ao Senado;836595;Não;PSDB;AÉCIO NEVES;"Candidatou-se ao Senado em MG; 7º lugar; não eleito"
Deputado Federal;Afonso Florence;BA;PT;118021;Sim;138163;Sim;PT;AFONSO FLORENCE;Reeleito
Deputado Federal;Afonso Hamm;RS;PP;109123;Sim;152762;Sim;PP;AFONSO HAMM;Reeleito
Deputado Federal;Afonso Motta;RS;PDT;70307;Sim;81960;Não;PDT;AFONSO MOTTA;Candidato, não eleito
Deputado Federal;Aguinaldo Ribeiro;PB;PP;135001;Sim;180720;Sim;PP;AGUINALDO RIBEIRO;Reeleito
Deputado Federal;Airton Faleiro;PA;PT;79862;Sim;90181;Sim;PT;AIRTON FALEIRO;Reeleito
Deputado Federal;Aj Albuquerque;CE;PP;155456;Sim;105259;Sim;PP;AJ ALBUQUERQUE;Reeleito
Deputado Federal;Alberto Mourão;SP;MDB;114234;Não;;Não;;;Não localizado como candidato ao mesmo cargo
Deputado Federal;Albuquerque;RR;REPUBLICANOS;14015;Sim;13241;Não;REPUBLICANOS;ALBUQUERQUE;Candidato, não eleito
Deputado Federal;Alceu Moreira;RS;MDB;125647;Sim;217208;Sim;MDB;ALCEU MOREIRA;Reeleito
Deputado Federal;Alencar Santana;SP;PT;139223;Sim;160264;Sim;PT;ALENCAR SANTANA;Reeleito
Deputado Federal;Alex Manente;SP;CIDADANIA;196866;Sim;102716;Não;CIDADANIA;ALEX MANENTE;Candidato, não eleito
Deputado Federal;Alex Santana;BA;REPUBLICANOS;106940;Não;;Não;;;Não localizado como candidato ao mesmo cargo
Deputado Federal;Alexandre Guimarães;TO;REPUBLICANOS;54703;Não;;Não;;;Não localizado como candidato ao mesmo cargo
Deputado Federal;Alexandre Leite;SP;UNIÃO;192806;Não;;Não;;;Não localizado como candidato ao mesmo cargo
Deputado Federal;Alexandre Lindenmeyer;RS;PT;93768;Sim;89434;Não;PT;ALEXANDRE LINDENMEYER;Candidato, não eleito
Deputado Federal;Alexandre Padilha;SP;PT;140037;Não;;Não;;;Não localizado como candidato ao mesmo cargo
Deputado Federal;Alfredo Gaspar;AL;UNIÃO;102039;Não;;Não;;;Não localizado como candidato ao mesmo cargo
Deputado Federal;Alice Portugal;BA;PC do B;124358;Sim;114395;Sim;PCDOB;ALICE PORTUGAL;Reeleito
Deputado Federal;Aliel Machado;PR;PV;94839;Sim;118691;Sim;PV;ALIEL MACHADO;Reeleito
Deputado Federal;Altineu Cortes;RJ;PL;167512;Sim;175161;Sim;PL;ALTINEU CORTES;Reeleito
Deputado Federal;Aluisio Mendes;MA;PSC;126577;Sim;83152;Sim;REPUBLICANOS;ALUISIO MENDES;Reeleito
Deputado Federal;Amália Barros;MT;PL;70294;Não;;Não;;;Não localizado como candidato ao mesmo cargo
Deputado Federal;Amanda Gentil;MA;PP;108699;Sim;137642;Sim;PP;AMANDA GENTIL;Reeleito
Deputado Federal;Amaro Neto;ES;REPUBLICANOS;52375;Sim;36839;Não;PP;AMARO NETO;Candidato, não eleito
Deputado Federal;Amom Mandel;AM;CIDADANIA;288555;Sim;119480;Sim;REPUBLICANOS;AMOM MANDEL;Reeleito
Deputado Federal;Ana Paula Junqueira Leao;MG;PP;77990;Sim;45113;Não;PP;ANA PAULA LEÃO;Candidato, não eleito
Deputado Federal;Ana Paula Lima;SC;PT;148781;Sim;201377;Sim;PT;ANA PAULA LIMA;Reeleito
Deputado Federal;Ana Pimentel;MG;PT;72698;Sim;144496;Sim;PT;ANA PIMENTEL;Reeleito
Deputado Federal;André Fernandes;CE;PL;229509;Sim;684372;Sim;PL;ANDRÉ FERNANDES;Reeleito
Deputado Federal;André Ferreira;PE;PL;273267;Não;;Não;;;Não localizado como candidato ao mesmo cargo
Deputado Federal;André Figueiredo;CE;PDT;111886;Sim;94034;Não;PDT;ANDRÉ FIGUEIREDO;Candidato, não eleito
Deputado Federal;André Fufuca;MA;PP;135078;Não;;Não;;;Não localizado como candidato ao mesmo cargo
Deputado Federal;André Janones;MG;AVANTE;238967;Sim;78780;Sim;REDE;ANDRÉ JANONES;Reeleito
Deputado Federal;Andreia Siqueira;PA;MDB;125004;Sim;155473;Sim;PSB;ANDRÉIA SIQUEIRA;Reeleito
Deputado Federal;Antônia Lucia;AC;REPUBLICANOS;16280;Sim;6127;Não;MDB;ANTÔNIA LÚCIA;Candidato, não eleito
Deputado Federal;Antonio Brito;BA;PSD;165386;Sim;205815;Sim;PSD;ANTONIO BRITO;Reeleito
Deputado Federal;Antonio Carlos Rodrigues;SP;PL;73054;Sim;66494;Não;PODE;ANTONIO CARLOS RODRIGUES;Candidato, não eleito
Deputado Federal;Antonio Doido;PA;MDB;126535;Sim;109670;Sim;MDB;ANTONIO DOIDO;Reeleito
Deputado Federal;Any Ortiz;RS;CIDADANIA;119039;Sim;151433;Sim;PP;ANY ORTIZ;Reeleito
Deputado Federal;Arlindo Chinaglia;SP;PT;144108;Sim;124121;Sim;PT;ARLINDO CHINAGLIA;Reeleito
Deputado Federal;Arnaldo Jardim;SP;CIDADANIA;113462;Não;;Não;;;Não localizado como candidato ao mesmo cargo
Deputado Federal;Arthur Lira;AL;PP;219452;Não;;Não;;;Não localizado como candidato ao mesmo cargo
Deputado Federal;Arthur Maia;BA;UNIÃO;108672;Sim;103336;Não;UNIÃO;ARTHUR MAIA;Candidato, não eleito
Deputado Federal;Atila;PI;PP;92791;Não;;Não;;;Não localizado como candidato ao mesmo cargo
Deputado Federal;Atila Lins;AM;PSD;102401;Sim;118182;Não;PSD;ATILA LINS;Candidato, não eleito
Deputado Federal;Augusto Coutinho;PE;REPUBLICANOS;101142;Sim;94737;Sim;REPUBLICANOS;AUGUSTO COUTINHO;Reeleito
Deputado Federal;Aureo Ribeiro;RJ;SOLIDARIEDADE;103321;Sim;134557;Sim;SOLIDARIEDADE;AUREO RIBEIRO;Reeleito
Deputado Federal;Bacelar;BA;PV;110787;Sim;102703;Não;PV;BACELAR;Candidato, não eleito
Deputado Federal;Baleia Rossi;SP;MDB;236463;Sim;239124;Sim;MDB;BALEIA ROSSI;Reeleito
Deputado Federal;Bandeira de Mello;RJ;PSB;72725;Sim;37535;Não;PV;BANDEIRA DE MELLO;Candidato, não eleito
Deputado Federal;Bebeto;RJ;PTB;41075;Sim;52761;Sim;PP;BEBETO;Reeleito
Deputado Federal;Benedita da Silva;RJ;PT;113831;Não;;Não;;;Não localizado como candidato ao mesmo cargo
Deputado Federal;Benes Leocádio;RN;UNIÃO;100693;Sim;171396;Sim;UNIÃO;BENES LEOCÁDIO;Reeleito
Deputado Federal;Beto Pereira;MS;PSDB;97872;Sim;77485;Sim;REPUBLICANOS;BETO PEREIRA;Reeleito
Deputado Federal;Beto Preto;PR;PSD;206898;Sim;177032;Sim;PSD;BETO PRETO;Reeleito
Deputado Federal;Beto Richa;PR;PSDB;64868;Sim;58946;Não;PSDB;BETO RICHA;Candidato, não eleito
Deputado Federal;Bia Kicis;DF;PL;214733;Não;;Não;;;Não localizado como candidato ao mesmo cargo
Deputado Federal;Bohn Gass;RS;PT;131881;Sim;111196;Sim;PT;BOHN GASS;Reeleito
Deputado Federal;Bruno Farias;MG;AVANTE;97246;Sim;113379;Sim;REPUBLICANOS;BRUNO FARIAS;Reeleito
Deputado Federal;Bruno Ganem;SP;PODE;141595;Sim;64221;Não;PODE;BRUNO GANEM;Candidato, não eleito
Deputado Federal;Busato;RS;UNIÃO;57610;Sim;60127;Sim;UNIÃO;BUSATO;Reeleito
Deputado Federal;Cabo Gilberto Silva;PB;PL;126876;Sim;267142;Sim;PL;CABO GILBERTO SILVA;Reeleito
Deputado Federal;Camila Jara;MS;PT;56552;Sim;154157;Sim;PT;CAMILA JARA;Reeleito
Deputado Federal;Capitão Alberto Neto;AM;PL;147846;Não;;Não;;;Não localizado como candidato ao mesmo cargo
Deputado Federal;Capitão Alden;BA;PL;95151;Sim;105110;Sim;PL;CAPITÃO ALDEN;Reeleito
Deputado Federal;Capitão Augusto;SP;PL;168740;Sim;153745;Sim;PL;CAPITÃO AUGUSTO;Reeleito
Deputado Federal;Capitão Derrite;SP;PL;239772;Não;;Não;;;Não localizado como candidato ao mesmo cargo
Deputado Federal;Carla Zambelli;SP;PL;946244;Não;;Não;;;Não localizado como candidato ao mesmo cargo
Deputado Federal;Carlos Chiodini;SC;MDB;80089;Não;;Não;;;Não localizado como candidato ao mesmo cargo
Deputado Federal;Carlos Gaguim;TO;UNIÃO;52203;Não;;Não;;;Não localizado como candidato ao mesmo cargo
Deputado Federal;Carlos Gomes;RS;REPUBLICANOS;102363;Sim;82245;Sim;REPUBLICANOS;CARLOS GOMES;Reeleito
Deputado Federal;Carlos Jordy;RJ;PL;114587;Não;;Não;;;Não localizado como candidato ao mesmo cargo
Deputado Federal;Carlos Sampaio;SP;PSDB;98102;Sim;91902;Sim;PSD;CARLOS SAMPAIO;Reeleito
Deputado Federal;Carlos Veras;PE;PT;127482;Sim;133118;Sim;PT;CARLOS VERAS;Reeleito
Deputado Federal;Carlos Zarattini;SP;PT;147349;Sim;117608;Sim;PT;CARLOS ZARATTINI;Reeleito
Deputado Federal;Carmen Zanotto;SC;CIDADANIA;130138;Não;;Não;;;Não localizado como candidato ao mesmo cargo
Deputado Federal;Carol Dartora;PR;PT;130654;Sim;101823;Sim;PT;CAROL DARTORA;Reeleito
Deputado Federal;Carol de Toni;SC;PL;227632;Não;;Não;;;Não localizado como candidato ao mesmo cargo
Deputado Federal;Castro Neto;PI;PSD;127753;Sim;168080;Sim;MDB;CASTRO NETO;Reeleito
Deputado Federal;Célia Xakriabá;MG;PSOL;101154;Sim;35119;Não;PSOL;CÉLIA XAKRIABÁ;Candidato, não eleito
Deputado Federal;Célio Silveira;GO;MDB;92469;Sim;105256;Sim;MDB;CÉLIO SILVEIRA;Reeleito
Deputado Federal;Célio Studart;CE;PSD;205106;Sim;122415;Sim;PSD;CÉLIO STUDART;Reeleito
Deputado Federal;Celso Russomanno;SP;REPUBLICANOS;305520;Sim;138827;Sim;REPUBLICANOS;CELSO RUSSOMANNO;Reeleito
Deputado Federal;Celso Sabino;PA;UNIÃO;142326;Não;;Não;;;Não localizado como candidato ao mesmo cargo
Deputado Federal;Cezinha de Madureira;SP;PSD;143434;Sim;60596;Não;PL;CEZINHA DE MADUREIRA;Candidato, não eleito
Deputado Federal;Chico Alencar;RJ;PSOL;115023;Sim;40233;Não;PSOL;CHICO ALENCAR;Candidato, não eleito
Deputado Federal;Chiquinho Brazão;RJ;UNIÃO;77367;Não;;Não;;;Não localizado como candidato ao mesmo cargo
Deputado Federal;Chris Tonietto;RJ;PL;52583;Sim;81966;Sim;PL;CHRIS TONIETTO;Reeleito
Deputado Federal;Clarissa Tércio;PE;PP;240511;Sim;110608;Sim;PP;CLARISSA TÉRCIO;Reeleito
Deputado Federal;Claudio Cajado;BA;PP;154098;Sim;110384;Sim;PP;CLAUDIO CAJADO;Reeleito
Deputado Federal;Cleber Verde;MA;REPUBLICANOS;70275;Sim;66873;Não;MDB;CLEBER VERDE;Candidato, não eleito
Deputado Federal;Clodoaldo Magalhães;PE;PV;110620;Sim;92229;Sim;PV;CLODOALDO MAGALHÃES;Reeleito
Deputado Federal;Cobalchini;SC;MDB;98124;Não;;Não;;;Não localizado como candidato ao mesmo cargo
Deputado Federal;Coronel Assis;MT;UNIÃO;47479;Sim;128697;Sim;PL;CORONEL ASSIS;Reeleito
Deputado Federal;Coronel Chrisóstomo;RO;PL;24406;Sim;51487;Sim;PL;CORONEL CHRISÓSTOMO;Reeleito
Deputado Federal;Coronel Fernanda;MT;PL;60304;Sim;205064;Sim;PL;CORONEL FERNANDA;Reeleito
Deputado Federal;Coronel Meira;PE;PL;78941;Sim;55542;Não;PL;CORONEL MEIRA;Candidato, não eleito
Deputado Federal;Coronel Ulysses;AC;UNIÃO;21075;Sim;33155;Sim;UNIÃO;CORONEL ULYSSES;Reeleito
Deputado Federal;Covatti Filho;RS;PP;112910;Sim;123360;Sim;PP;COVATTI FILHO;Reeleito
Deputado Federal;Cristiane Lopes;RO;UNIÃO;22806;Sim;37005;Sim;PODE;CRISTIANE LOPES;Reeleito
Deputado Federal;Da Vitória;ES;PP;71779;Sim;107466;Sim;PP;DA VITÓRIA;Reeleito
Deputado Federal;Dagoberto;MS;PSDB;48217;Não;;Não;;;Não localizado como candidato ao mesmo cargo
Deputado Federal;Daiana Santos;RS;PC do B;88107;Sim;114315;Sim;PCDOB;DAIANA SANTOS;Reeleito
Deputado Federal;Dandara;MG;PT;86034;Sim;108193;Sim;PT;DANDARA;Reeleito
Deputado Federal;Dani Cunha;RJ;UNIÃO;75810;Sim;116984;Sim;PL;DANI CUNHA;Reeleito
Deputado Federal;Daniel;BA;PC do B;125374;Sim;114552;Sim;PCDOB;DANIEL;Reeleito
Deputado Federal;Daniel Agrobom;GO;PL;70529;Sim;116842;Sim;PSD;DANIEL AGROBOM;Reeleito
Deputado Federal;Daniel Barbosa;AL;PP;63385;Sim;101172;Sim;PP;DANIEL BARBOSA;Reeleito
Deputado Federal;Daniel Freitas;SC;PL;108001;Sim;76458;Sim;PL;DANIEL FREITAS;Reeleito
Deputado Federal;Daniel Soranz;RJ;PSD;98784;Sim;107849;Sim;PSD;DANIEL SORANZ;Reeleito
Deputado Federal;Daniel Trzeciak 'Daniel da TV';RS;PSDB;77232;Sim;71541;Não;PSDB;"DANIEL TRZECIAK ""DANIEL DA TV""";Candidato, não eleito
Deputado Federal;Daniela do Waguinho;RJ;UNIÃO;213706;Sim;53345;Não;REPUBLICANOS;DANIELA DO WAGUINHO;Candidato, não eleito
Deputado Federal;Daniela Reinehr;SC;PL;84631;Sim;96253;Sim;PL;DANIELA REINEHR;Reeleito
Deputado Federal;Danilo Forte;CE;UNIÃO;88470;Sim;119862;Sim;PP;DANILO FORTE;Reeleito
Deputado Federal;Danrlei de Deus Goleiro;RS;PSD;97824;Sim;105079;Sim;PSD;DANRLEI;Reeleito
Deputado Federal;David Soares;SP;UNIÃO;93831;Sim;61366;Não;PODE;DAVID RR SOARES;Candidato, não eleito
Deputado Federal;Dayany do Capitão;CE;UNIÃO;54526;Sim;48160;Não;UNIÃO;DAYANY DO CAPITÃO;Candidato, não eleito
Deputado Federal;Defensor Stélio Dener;RR;REPUBLICANOS;14193;Sim;14972;Sim;UNIÃO;DEFENSOR STÉLIO DENER;Reeleito
Deputado Federal;Delegada Adriana Accorsi;GO;PT;96714;Sim;177103;Sim;PT;DELEGADA ADRIANA ACCORSI;Reeleito
Deputado Federal;Delegada Ione Barbosa;MG;AVANTE;52630;Sim;39275;Sim;PL;DELEGADA IONE;Reeleito
Deputado Federal;Delegada Katarina;SE;PSD;38135;Sim;71592;Sim;PSD;DELEGADA KATARINA;Reeleito
Deputado Federal;Delegado Andre David;SE;REPUBLICANOS;31597;Não;;Não;;;Não localizado como candidato ao mesmo cargo
Deputado Federal;Delegado Bruno Lima;SP;PP;461217;Sim;217952;Sim;PODE;DELEGADO BRUNO LIMA;Reeleito
Deputado Federal;Delegado Caveira;PA;PL;106349;Sim;414927;Sim;PL;DELEGADO CAVEIRA;Reeleito
Deputado Federal;Delegado da Cunha;SP;PP;181568;Sim;26497;Não;UNIÃO;DELEGADO DA CUNHA;Candidato, não eleito
Deputado Federal;Delegado Eder Mauro;PA;PL;205543;Não;;Não;;;Não localizado como candidato ao mesmo cargo
Deputado Federal;Delegado Fabio Costa;AL;PP;60767;Sim;165649;Sim;PP;DELEGADO FABIO COSTA;Reeleito
Deputado Federal;Delegado Marcelo Freitas;MG;UNIÃO;82894;Sim;104010;Sim;UNIÃO;DELEGADO MARCELO FREITAS;Reeleito
Deputado Federal;Delegado Matheus Laiola;PR;UNIÃO;132759;Sim;113690;Sim;UNIÃO;DELEGADO MATHEUS LAIOLA;Reeleito
Deputado Federal;Delegado Palumbo;SP;MDB;254898;Sim;303271;Sim;PODE;DELEGADO PALUMBO;Reeleito
Deputado Federal;Delegado Paulo Bilynskyj;SP;PL;72156;Sim;90363;Sim;PL;DELEGADO PAULO BILYNSKYJ;Reeleito
Deputado Federal;Delegado Ramagem;RJ;PL;59170;Não;;Não;;;Não localizado como candidato ao mesmo cargo
Deputado Federal;Deltan Dallagnol;PR;PODE;344917;Não;;Não;;;Não localizado como candidato ao mesmo cargo
Deputado Federal;Denise Pessôa;RS;PT;44241;Sim;100893;Sim;PT;DENISE PESSÔA;Reeleito
Deputado Federal;Deputado Dal;BA;UNIÃO;140435;Não;;Não;;;Não localizado como candidato ao mesmo cargo
Deputado Federal;Detinha;MA;PL;161206;Não;;Não;;;Não localizado como candidato ao mesmo cargo
Deputado Federal;Diego Andrade;MG;PSD;170181;Sim;109445;Sim;PSD;DIEGO ANDRADE;Reeleito
Deputado Federal;Diego Coronel;BA;PSD;171684;Sim;144890;Sim;REPUBLICANOS;DIEGO CORONEL;Reeleito
Deputado Federal;Diego Garcia;PR;REPUBLICANOS;65416;Sim;46072;Não;UNIÃO;DIEGO GARCIA;Candidato, não eleito
Deputado Federal;Dilceu Sperafico;PR;PP;61689;Sim;59451;Não;PP;DILCEU SPERAFICO;Candidato, não eleito
Deputado Federal;Dilvanda Faro;PA;PT;150065;Sim;192372;Sim;PT;DILVANDA FARO;Reeleito
Deputado Federal;Dimas Fabiano;MG;PP;96395;Sim;90827;Sim;PP;DIMAS FABIANO;Reeleito
Deputado Federal;Dimas Gadelha;RJ;PT;41238;Sim;45520;Não;PT;DIMAS GADELHA;Candidato, não eleito
Deputado Federal;Domingos Neto;CE;PSD;175074;Sim;180434;Sim;PSD;DOMINGOS NETO;Reeleito
Deputado Federal;Domingos Sávio;MG;PL;90236;Não;;Não;;;Não localizado como candidato ao mesmo cargo
Deputado Federal;Dorinaldo Malafaia;AP;PDT;11473;Sim;19382;Sim;PDT;DORINALDO MALAFAIA;Reeleito
Deputado Federal;Doutor Luizinho;RJ;PP;190071;Sim;213904;Sim;PP;DR. LUIZINHO;Reeleito
Deputado Federal;Dr Eduardo Velloso;AC;UNIÃO;16786;Não;;Não;;;Não localizado como candidato ao mesmo cargo
Deputado Federal;Dr Fernando Máximo;RO;UNIÃO;85604;Não;;Não;;;Não localizado como candidato ao mesmo cargo
Deputado Federal;Dr Ismael Alexandrino;GO;PSD;54791;Sim;49808;Não;PSD;DR. ISMAEL ALEXANDRINO;Candidato, não eleito
Deputado Federal;Dr Jaziel;CE;PL;79358;Sim;64870;Sim;PL;DR JAZIEL;Reeleito
Deputado Federal;Dr Mário Heringer;MG;PDT;68717;Sim;75782;Não;PDT;MÁRIO HERINGER;Candidato, não eleito
Deputado Federal;Dr Zacharias Calil;GO;UNIÃO;87919;Não;;Não;;;Não localizado como candidato ao mesmo cargo
Deputado Federal;Dr. Damião;PB;UNIÃO;64023;Sim;74632;Sim;UNIÃO;DR° DAMIÃO;Reeleito
Deputado Federal;Dr. Francisco;PI;PT;128080;Sim;124515;Sim;PT;DR. FRANCISCO;Reeleito
Deputado Federal;Dr. Frederico;MG;PATRIOTA;84771;Sim;60625;Sim;PL;DR. FREDERICO;Reeleito
Deputado Federal;Dr. Geraldo Resende;MS;PSDB;96519;Sim;31714;Não;UNIÃO;GERALDO RESENDE;Candidato, não eleito
Deputado Federal;Dr. Luiz Ovando;MS;PP;45491;Sim;34679;Não;PP;DR. LUIZ OVANDO;Candidato, não eleito
Deputado Federal;Dr. Pupio;AP;MDB;5787;Não;;Não;;;Não localizado como candidato ao mesmo cargo
Deputado Federal;Dr. Victor;ES;PODE;53483;Sim;24547;Não;PSB;DR. VICTOR;Candidato, não eleito
Deputado Federal;Dra Alessandra Haber;PA;MDB;258907;Sim;272856;Sim;PODE;DRA. ALESSANDRA HABER;Reeleito
Deputado Federal;Duarte;MA;PSB;111019;Sim;140961;Não;AVANTE;DUARTE JR;Candidato, não eleito
Deputado Federal;Duda Ramos;RR;MDB;14793;Sim;16111;Sim;PODE;DUDA RAMOS;Reeleito
Deputado Federal;Duda Salabert;MG;PDT;208332;Sim;229535;Sim;PSOL;DUDA SALABERT;Reeleito
Deputado Federal;Eduardo Bismarck;CE;PDT;102287;Sim;83027;Não;PV;EDUARDO BISMARCK;Candidato, não eleito
Deputado Federal;Eduardo Bolsonaro;SP;PL;741701;Não;;Não;;;Não localizado como candidato ao mesmo cargo
Deputado Federal;Eduardo da Fonte;PE;PP;124850;Não;;Não;;;Não localizado como candidato ao mesmo cargo
Deputado Federal;Elcione;PA;MDB;175498;Não;;Não;;;Não localizado como candidato ao mesmo cargo
Deputado Federal;Eli Borges;TO;PL;35171;Não;;Não;;;Não localizado como candidato ao mesmo cargo
Deputado Federal;Elmar Nascimento;BA;UNIÃO;175439;Sim;134235;Sim;UNIÃO;ELMAR;Reeleito
Deputado Federal;Emanuelzinho;MT;MDB;74720;Sim;50951;Não;PSD;EMANUELZINHO;Candidato, não eleito
Deputado Federal;Emidinho Madeira;MG;PL;119101;Sim;94812;Sim;PL;EMIDINHO MADEIRA;Reeleito
Deputado Federal;Enio Verri;PR;PT;95172;Não;;Não;;;Não localizado como candidato ao mesmo cargo
Deputado Federal;Eriberto Medeiros;PE;PSB;99226;Não;;Não;;;Não localizado como candidato ao mesmo cargo
Deputado Federal;Erika Hilton;SP;PSOL;256903;Sim;1596472;Sim;PSOL;ERIKA HILTON;Reeleito
Deputado Federal;Erika Kokay;DF;PT;146092;Não;;Não;;;Não localizado como candidato ao mesmo cargo
Deputado Federal;Eros Biondini;MG;PL;77900;Sim;81650;Sim;PL;EROS BIONDINI;Reeleito
Deputado Federal;Euclydes Pettersen;MG;PSC;101892;Sim;92285;Não;REPUBLICANOS;EUCLYDES PETTERSEN;Candidato, não eleito
Deputado Federal;Eunício;CE;MDB;188289;Não;;Não;;;Não localizado como candidato ao mesmo cargo
Deputado Federal;Evair de Melo;ES;PP;75034;Não;;Não;;;Não localizado como candidato ao mesmo cargo
Deputado Federal;Fábio Garcia;MT;UNIÃO;98704;Sim;139777;Sim;UNIÃO;FÁBIO GARCIA;Reeleito
Deputado Federal;Fábio Macedo;MA;PODE;95270;Sim;78476;Não;PODE;FÁBIO MACEDO;Candidato, não eleito
Deputado Federal;Fabio Reis;SE;PSD;75848;Sim;81533;Sim;PSD;FÁBIO REIS;Reeleito
Deputado Federal;Fabio Schiochet;SC;UNIÃO;51824;Sim;80382;Não;UNIÃO;FABIO SCHIOCHET;Candidato, não eleito
Deputado Federal;Fabio Teruel;SP;MDB;235165;Sim;75251;Não;MDB;FABIO TERUEL;Candidato, não eleito
Deputado Federal;Fausto Pinato;SP;PP;72169;Sim;52720;Não;UNIÃO;FAUSTO PINATO;Candidato, não eleito
Deputado Federal;Fausto Santos Jr;AM;UNIÃO;87876;Sim;122197;Sim;UNIÃO;FAUSTO JR;Reeleito
Deputado Federal;Felipe Becari;SP;UNIÃO;178777;Sim;162957;Sim;PODE;FELIPE BECARI;Reeleito
Deputado Federal;Felipe Carreras;PE;PSB;76528;Sim;148971;Sim;PSB;FELIPE CARRERAS;Reeleito
Deputado Federal;Felipe Francischini;PR;UNIÃO;164342;Sim;106907;Sim;PODE;FELIPE FRANCISCHINI;Reeleito
Deputado Federal;Felix Mendonça;BA;PDT;71774;Sim;60159;Sim;PDT;FELIX MENDONÇA;Reeleito
Deputado Federal;Fernanda Melchionna;RS;PSOL;199894;Sim;280262;Sim;PSOL;FERNANDA MELCHIONNA;Reeleito
Deputado Federal;Fernanda Pessoa;CE;UNIÃO;121469;Sim;122963;Sim;PSD;FERNANDA PESSOA;Reeleito
Deputado Federal;Fernando Filho;PE;UNIÃO;155305;Sim;124147;Sim;UNIÃO;FERNANDO FILHO;Reeleito
Deputado Federal;Fernando Monteiro;PE;PP;99751;Sim;113844;Sim;PSD;FERNANDO MONTEIRO;Reeleito
Deputado Federal;Fernando Rodolfo;PE;PL;60088;Sim;15394;Não;PRD;FERNANDO RODOLFO;Candidato, não eleito
Deputado Federal;Filipe Barros;PR;PL;249507;Não;;Não;;;Não localizado como candidato ao mesmo cargo
Deputado Federal;Filipe Martins;TO;PL;36293;Sim;64068;Sim;PL;FILIPE MARTINS;Reeleito
Deputado Federal;Flavia Morais;GO;PDT;142155;Sim;143497;Sim;MDB;FLÁVIA MORAIS;Reeleito
Deputado Federal;Flavio Nogueira;PI;PT;100151;Sim;97584;Sim;PT;FLÁVIO NOGUEIRA;Reeleito
Deputado Federal;Florentino Neto;PI;PT;105739;Sim;70386;Não;PT;FLORENTINO NETO;Candidato, não eleito
Deputado Federal;Fraga;DF;PL;28825;Não;;Não;;;Não localizado como candidato ao mesmo cargo
Deputado Federal;Franciane Bayer;RS;REPUBLICANOS;40555;Sim;49845;Não;REPUBLICANOS;FRAN BAYER;Candidato, não eleito
Deputado Federal;Fred Costa;MG;PATRIOTA;158453;Sim;100082;Sim;PRD;FRED COSTA;Reeleito
Deputado Federal;Fred Linhares;DF;REPUBLICANOS;165358;Sim;48594;Não;REPUBLICANOS;FRED LINHARES;Candidato, não eleito
Deputado Federal;Gabriel Nunes;BA;PSD;138448;Sim;155060;Sim;PSD;GABRIEL NUNES;Reeleito
Deputado Federal;General Girão;RN;PL;76698;Sim;133258;Sim;PL;GENERAL GIRÃO;Reeleito
Deputado Federal;General Pazuello;RJ;PL;205324;Sim;146148;Sim;PL;GENERAL PAZUELLO;Reeleito
Deputado Federal;Geraldo Mendes;PR;UNIÃO;71990;Não;;Não;;;Não localizado como candidato ao mesmo cargo
Deputado Federal;Gerlen Diniz;AC;PP;19560;Não;;Não;;;Não localizado como candidato ao mesmo cargo
Deputado Federal;Gervasio Maia;PB;PSB;69405;Sim;96918;Sim;PCDOB;GERVÁSIO MAIA;Reeleito
Deputado Federal;Giacobo;PR;PL;152342;Não;;Não;;;Não localizado como candidato ao mesmo cargo
Deputado Federal;Gilberto Abramo;MG;REPUBLICANOS;123370;Sim;96046;Sim;REPUBLICANOS;GILBERTO ABRAMO;Reeleito
Deputado Federal;Gilberto Nascimento;SP;PSC;95077;Sim;43977;Não;PODE;GILBERTO NASCIMENTO;Candidato, não eleito
Deputado Federal;Gilson Daniel;ES;PODE;74215;Sim;107660;Sim;PODE;GILSON DANIEL;Reeleito
Deputado Federal;Gilson Marques;SC;NOVO;87894;Sim;117197;Sim;NOVO;GILSON MARQUES;Reeleito
Deputado Federal;Gilvan Maximo;DF;REPUBLICANOS;20923;Não;;Não;;;Não localizado como candidato ao mesmo cargo
Deputado Federal;Gilvan o Federal da Direita;ES;PL;87994;Não;;Não;;;Não localizado como candidato ao mesmo cargo
Deputado Federal;Giovani Cherini;RS;PL;162036;Sim;234171;Sim;PL;GIOVANI CHERINI;Reeleito
Deputado Federal;Glauber;RJ;PSOL;78048;Não;;Não;;;Não localizado como candidato ao mesmo cargo
Deputado Federal;Glaustin da Fokus;GO;PSC;117981;Sim;98652;Sim;PODE;GLAUSTIN DA FOKUS;Reeleito
Deputado Federal;Gleisi;PR;PT;261247;Não;;Não;;;Não localizado como candidato ao mesmo cargo
Deputado Federal;Greyce Elias;MG;AVANTE;110346;Sim;66395;Sim;PL;GREYCE ELIAS;Reeleito
Deputado Federal;Guilherme Boulos;SP;PSOL;1001472;Não;;Não;;;Não localizado como candidato ao mesmo cargo
Deputado Federal;Guilherme Uchoa Junior;PE;PSB;84592;Sim;98569;Sim;PSD;GUILHERME UCHOA JUNIOR;Reeleito
Deputado Federal;Guimarães do PT;CE;PT;186136;Não;;Não;;;Não localizado como candidato ao mesmo cargo
Deputado Federal;Gustavo Gayer;GO;PL;200586;Não;;Não;;;Não localizado como candidato ao mesmo cargo
Deputado Federal;Gustinho Ribeiro;SE;REPUBLICANOS;71831;Sim;58289;Sim;PP;GUSTINHO RIBEIRO;Reeleito
Deputado Federal;Gutemberg Reis;RJ;MDB;133612;Sim;145876;Sim;MDB;GUTEMBERG REIS;Reeleito
Deputado Federal;Heitor Schuch;RS;PSB;77616;Sim;68832;Não;PSD;HEITOR SCHUCH;Candidato, não eleito
Deputado Federal;Helder Salomão;ES;PT;120337;Não;;Não;;;Não localizado como candidato ao mesmo cargo
Deputado Federal;Helena da Asatur;RR;MDB;15848;Não;;Não;;;Não localizado como candidato ao mesmo cargo
Deputado Federal;Helio Fernando Barbosa Lopes;RJ;PL;132986;Não;;Não;;;Não localizado como candidato ao mesmo cargo
Deputado Federal;Henderson Pinto;PA;MDB;74746;Sim;98847;Não;UNIÃO;HENDERSON PINTO;Candidato, não eleito
Deputado Federal;Hercilio Coelho Diniz;MG;MDB;122819;Não;;Não;;;Não localizado como candidato ao mesmo cargo
Deputado Federal;Hugo Leal;RJ;PSD;50067;Sim;57557;Não;PSD;HUGO LEAL;Candidato, não eleito
Deputado Federal;Hugo Motta;PB;REPUBLICANOS;158171;Sim;124339;Sim;REPUBLICANOS;HUGO;Reeleito
Deputado Federal;Icaro de Valmir;SE;PL;75912;Sim;66696;Sim;REPUBLICANOS;ICARO DE VALMIR;Reeleito
Deputado Federal;Idilvan;CE;PDT;187433;Sim;127140;Sim;PSB;IDILVAN;Reeleito
Deputado Federal;Igor Timo;MG;PODE;74465;Sim;70814;Não;UNIÃO;IGOR TIMO;Candidato, não eleito
Deputado Federal;Ismael;SC;PSD;110531;Não;;Não;;;Não localizado como candidato ao mesmo cargo
Deputado Federal;Isnaldo Bulhões Jr;AL;MDB;83965;Sim;112261;Sim;MDB;ISNALDO BULHÕES JR;Reeleito
Deputado Federal;Ivoneide Caetano;BA;PT;105885;Sim;163055;Sim;PT;IVONEIDE CAETANO;Reeleito
Deputado Federal;Iza Arruda;PE;MDB;103950;Sim;103758;Sim;MDB;IZA ARRUDA;Reeleito
Deputado Federal;Jack Rocha;ES;PT;51317;Sim;142187;Sim;PT;JACK ROCHA;Reeleito
Deputado Federal;Jadyel da Jupi;PI;PV;83175;Não;;Não;;;Não localizado como candidato ao mesmo cargo
Deputado Federal;Jandira Feghali;RJ;PC do B;84054;Sim;74409;Sim;PCDOB;JANDIRA FEGHALI;Reeleito
Deputado Federal;Jeferson Rodrigues;GO;REPUBLICANOS;56026;Sim;236;Não;PSDB;JEFERSON RODRIGUES;Candidato, não eleito
Deputado Federal;Jefferson Campos;SP;PL;155336;Sim;92286;Sim;PL;JEFFERSON CAMPOS;Reeleito
Deputado Federal;Jhonatan de Jesus;RR;REPUBLICANOS;19881;Não;;Não;;;Não localizado como candidato ao mesmo cargo
Deputado Federal;Jilmar Tatto;SP;PT;157843;Sim;152984;Sim;PT;JILMAR TATTO;Reeleito
Deputado Federal;João Carlos Bacelar;BA;PL;90229;Sim;107232;Sim;PL;JOÃO BACELAR;Reeleito
Deputado Federal;João Leão;BA;PP;102376;Não;;Não;;;Não localizado como candidato ao mesmo cargo
Deputado Federal;João Maia;RN;PL;104254;Sim;123040;Sim;PP;JOÃO MAIA;Reeleito
Deputado Federal;Joaquim Passarinho;PA;PL;122553;Sim;146307;Sim;PL;JOAQUIM PASSARINHO;Reeleito
Deputado Federal;Jonas Donizette;SP;PSB;84044;Sim;97335;Sim;PSB;JONAS DONIZETTE;Reeleito
Deputado Federal;Jorge Braz;RJ;REPUBLICANOS;59201;Não;;Não;;;Não localizado como candidato ao mesmo cargo
Deputado Federal;Jorge Goetten;SC;PL;159339;Sim;43449;Não;REPUBLICANOS;JORGE GOETTEN;Candidato, não eleito
Deputado Federal;Jorge Solla;BA;PT;128968;Sim;152049;Sim;PT;JORGE SOLLA;Reeleito
Deputado Federal;Jose Airton;CE;PT;82274;Sim;70817;Não;PT;JOSÉ AIRTON;Candidato, não eleito
Deputado Federal;José Medeiros;MT;PL;82182;Não;;Não;;;Não localizado como candidato ao mesmo cargo
Deputado Federal;José Nelto;GO;PP;104504;Sim;115504;Sim;UNIÃO;JOSE NELTO;Reeleito
Deputado Federal;José Rocha;BA;UNIÃO;78833;Não;;Não;;;Não localizado como candidato ao mesmo cargo
Deputado Federal;Joseildo Ramos;BA;PT;104228;Sim;108200;Sim;PT;JOSEILDO;Reeleito
Deputado Federal;Josenildo;AP;PDT;27112;Sim;26453;Sim;PDT;JOSENILDO;Reeleito
Deputado Federal;Josimar Maranhãozinho;MA;PL;158360;Não;;Não;;;Não localizado como candidato ao mesmo cargo
Deputado Federal;Josivaldo JP;MA;PSD;79699;Sim;87663;Sim;UNIÃO;JOSIVALDO JP;Reeleito
Deputado Federal;Juarez Costa;MT;MDB;77528;Sim;83728;Sim;REPUBLICANOS;JUAREZ COSTA;Reeleito
Deputado Federal;Julia Zanatta;SC;PL;111588;Sim;560223;Sim;PL;JULIA ZANATTA;Reeleito
Deputado Federal;Juliana Cardoso;SP;PT;125517;Sim;111904;Sim;PT;JULIANA CARDOSO;Reeleito
Deputado Federal;Julio Arcoverde;PI;PP;117669;Sim;101799;Sim;PP;JULIO ARCOVERDE;Reeleito
Deputado Federal;Julio Cesar;DF;REPUBLICANOS;76274;Sim;90092;Sim;REPUBLICANOS;JULIO CESAR;Reeleito
Deputado Federal;Julio César;PI;PSD;134863;Não;;Não;;;Não localizado como candidato ao mesmo cargo
Deputado Federal;Julio Lopes;RJ;PP;50019;Sim;48998;Não;PP;JULIO LOPES;Candidato, não eleito
Deputado Federal;Juninho do Pneu;RJ;UNIÃO;70660;Sim;64440;Sim;PSDB;JUNINHO DO PNEU;Reeleito
Deputado Federal;Junio Amaral;MG;PL;59297;Sim;33762;Sim;PL;JUNIO AMARAL;Reeleito
Deputado Federal;Júnior Ferrari;PA;PSD;160342;Sim;213645;Sim;PSD;JÚNIOR FERRARI;Reeleito
Deputado Federal;Júnior Lourenço;MA;PL;93123;Sim;107410;Sim;MDB;JUNIOR LOURENÇO;Reeleito
Deputado Federal;Júnior Mano;CE;PL;216531;Não;;Não;;;Não localizado como candidato ao mesmo cargo
Deputado Federal;Juscelino Filho;MA;UNIÃO;142419;Sim;124794;Sim;PSDB;JUSCELINO FILHO;Reeleito
Deputado Federal;Keniston;PA;MDB;126027;Não;;Não;;;Não localizado como candidato ao mesmo cargo
Deputado Federal;Kiko Celeguim;SP;PT;167438;Sim;113158;Sim;PT;KIKO CELEGUIM;Reeleito
Deputado Federal;Kim Kataguiri;SP;UNIÃO;295460;Sim;520071;Sim;MISSÃO;KIM KATAGUIRI;Reeleito
Deputado Federal;Lafayette Andrada;MG;REPUBLICANOS;68677;Sim;61773;Sim;PL;LAFAYETTE ANDRADA;Reeleito
Deputado Federal;Laura Carneiro;RJ;PSD;48073;Sim;48955;Não;PSD;LAURA CARNEIRO;Candidato, não eleito
Deputado Federal;Lazaro Botelho;TO;PP;13668;Não;;Não;;;Não localizado como candidato ao mesmo cargo
Deputado Federal;Leandre;PR;PSD;80359;Sim;90185;Sim;PSD;LEANDRE;Reeleito
Deputado Federal;Lebrão;RO;UNIÃO;12607;Não;;Não;;;Não localizado como candidato ao mesmo cargo
Deputado Federal;Lêda Borges;GO;PSDB;51346;Sim;69417;Não;REPUBLICANOS;LÊDA BORGES;Candidato, não eleito
Deputado Federal;Léo Prates;BA;PDT;143763;Sim;103794;Sim;REPUBLICANOS;LÉO PRATES;Reeleito
Deputado Federal;Leonardo Monteiro;MG;PT;81008;Sim;78841;Sim;PT;LEONARDO MONTEIRO;Reeleito
Deputado Federal;Leur Lomanto Jr;BA;UNIÃO;82004;Sim;108893;Sim;UNIÃO;LEUR LOMANTO JUNIOR;Reeleito
Deputado Federal;Lídice da Mata;BA;PSB;112385;Sim;89705;Não;PSB;LIDICE DA MATA;Candidato, não eleito
Deputado Federal;Lincoln Portela;MG;PL;42328;Sim;37162;Sim;PL;LINCOLN PORTELA;Reeleito
Deputado Federal;Lindbergh Farias;RJ;PT;152219;Sim;181768;Sim;PT;LINDBERGH;Reeleito
Deputado Federal;Lucas Ramos;PE;PSB;85571;Sim;71964;Não;PSB;LUCAS RAMOS;Candidato, não eleito
Deputado Federal;Lucas Redecker;RS;PSDB;119069;Sim;99817;Sim;PSD;LUCAS REDECKER;Reeleito
Deputado Federal;Luciano Amaral;AL;PV;101508;Sim;155915;Sim;PSD;LUCIANO AMARAL;Reeleito
Deputado Federal;Luciano Bivar;PE;UNIÃO;74425;Não;;Não;;;Não localizado como candidato ao mesmo cargo
Deputado Federal;Luciano Ducci;PR;PSB;95521;Sim;60932;Não;PSB;LUCIANO DUCCI;Candidato, não eleito
Deputado Federal;Luciano Vieira;RJ;PL;84942;Sim;177887;Sim;PSDB;LUCIANO VIEIRA;Reeleito
Deputado Federal;Lucio Mosquini;RO;MDB;48735;Sim;158421;Sim;PL;LUCIO MOSQUINI;Reeleito
Deputado Federal;Luis Tibé;MG;AVANTE;107523;Sim;86740;Sim;AVANTE;LUIS TIBÉ;Reeleito
Deputado Federal;Luísa Canziani;PR;PSD;74643;Sim;80485;Não;UNIÃO;LUISA CANZIANI;Candidato, não eleito
Deputado Federal;Luiz Couto;PB;PT;54851;Sim;62212;Não;PT;LUIZ COUTO;Candidato, não eleito
Deputado Federal;Luiz Fernando;MG;PSD;68550;Sim;71865;Não;UNIÃO;LUIZ FERNANDO;Candidato, não eleito
Deputado Federal;Luiz Gastão;CE;PSD;96537;Sim;108924;Não;PSD;LUIZ GASTÃO;Candidato, não eleito
Deputado Federal;Luiz Lima;RJ;PL;69088;Sim;79249;Sim;NOVO;LUIZ LIMA;Reeleito
Deputado Federal;Luiz Marinho;SP;PT;156202;Não;;Não;;;Não localizado como candidato ao mesmo cargo
Deputado Federal;Luiz Nishimori;PR;PSD;73202;Sim;63347;Não;PSD;LUIZ NISHIMORI;Candidato, não eleito
Deputado Federal;Luiz Philippe de o Bragança;SP;PL;79210;Sim;187743;Sim;PL;LUIZ PHILIPPE DE O E BRAGANÇA;Reeleito
Deputado Federal;Luiza Erundina;SP;PSOL;113983;Não;;Não;;;Não localizado como candidato ao mesmo cargo
Deputado Federal;Luizianne Lins;CE;PT;182232;Não;;Não;;;Não localizado como candidato ao mesmo cargo
Deputado Federal;Lula da Fonte;PE;PP;94122;Sim;147913;Sim;PP;LULA DA FONTE;Reeleito
Deputado Federal;Magda Mofatto;GO;PL;81996;Sim;131983;Sim;PL;MAGDA MOFATTO;Reeleito
Deputado Federal;Marangoni;SP;UNIÃO;89390;Sim;67111;Não;PODE;MARANGONI;Candidato, não eleito
Deputado Federal;Marcel Van Hattem;RS;NOVO;256913;Não;;Não;;;Não localizado como candidato ao mesmo cargo
Deputado Federal;Marcelo Álvaro Antônio;MG;PL;31025;Sim;56958;Sim;PL;MARCELO ÁLVARO ANTÔNIO;Reeleito
Deputado Federal;Marcelo Crivella;RJ;REPUBLICANOS;110450;Não;;Não;;;Não localizado como candidato ao mesmo cargo
Deputado Federal;Marcelo Lima;SP;SOLIDARIEDADE;110430;Não;;Não;;;Não localizado como candidato ao mesmo cargo
Deputado Federal;Marcelo Moraes;RS;PL;84247;Sim;103292;Sim;PL;MARCELO MORAES;Reeleito
Deputado Federal;Marcelo Queiroz;RJ;PP;73728;Sim;58739;Sim;PSDB;MARCELO QUEIROZ;Reeleito
Deputado Federal;Marcio Alvino;SP;PL;187314;Sim;261325;Sim;PL;MARCIO ALVINO;Reeleito
Deputado Federal;Marcio Biolchi;RS;MDB;99627;Não;;Não;;;Não localizado como candidato ao mesmo cargo
Deputado Federal;Márcio Honaiser;MA;PDT;54547;Sim;68970;Não;SOLIDARIEDADE;MÁRCIO HONAISER;Candidato, não eleito
Deputado Federal;Marcio Jerry;MA;PC do B;106143;Sim;54953;Sim;PCDOB;MÁRCIO JERRY;Reeleito
Deputado Federal;Marcio Marinho;BA;REPUBLICANOS;118904;Sim;97458;Sim;REPUBLICANOS;MÁRCIO MARINHO;Reeleito
Deputado Federal;Marco Bertaiolli;SP;PSD;157552;Não;;Não;;;Não localizado como candidato ao mesmo cargo
Deputado Federal;Marcon;RS;PT;129352;Sim;99566;Sim;PT;MARCON;Reeleito
Deputado Federal;Marcos Aurelio Sampaio;PI;PSD;79987;Sim;98097;Sim;MDB;MARCOS AURÉLIO;Reeleito
Deputado Federal;Marcos Pereira;SP;REPUBLICANOS;231626;Sim;196681;Sim;REPUBLICANOS;MARCOS PEREIRA;Reeleito
Deputado Federal;Marcos Pollon;MS;PL;103111;Sim;140129;Sim;PL;MARCOS POLLON;Reeleito
Deputado Federal;Marcos RR Soares;RJ;UNIÃO;43533;Sim;23228;Não;PSDB;MARCOS RR SOARES;Candidato, não eleito
Deputado Federal;Marcos Tavares;RJ;PDT;62086;Sim;69438;Sim;PDT;MARCOS TAVARES;Reeleito
Deputado Federal;Maria Arraes;PE;SOLIDARIEDADE;104571;Não;;Não;;;Não localizado como candidato ao mesmo cargo
Deputado Federal;Maria do Rosário;RS;PT;151050;Sim;173788;Sim;PT;MARIA DO ROSARIO;Reeleito
Deputado Federal;Maria Rosas;SP;REPUBLICANOS;94787;Sim;91690;Sim;REPUBLICANOS;MARIA ROSAS;Reeleito
Deputado Federal;Marina Silva;SP;REDE;237526;Não;;Não;;;Não localizado como candidato ao mesmo cargo
Deputado Federal;Mario Frias;SP;PL;122564;Sim;91403;Sim;PL;MARIO FRIAS;Reeleito
Deputado Federal;Mário Negromonte Jr;BA;PP;147711;Sim;101536;Sim;PSB;MARIO NEGROMONTE JR;Reeleito
Deputado Federal;Marlon Santos;RS;PL;85911;Não;;Não;;;Não localizado como candidato ao mesmo cargo
Deputado Federal;Marreca Filho;MA;PATRIOTA;116246;Sim;99698;Sim;PRD;MARRECA FILHO;Reeleito
Deputado Federal;Marussa Boldrin;GO;MDB;80464;Sim;88888;Sim;REPUBLICANOS;MARUSSA BOLDRIN;Reeleito
Deputado Federal;Marx Beltrão;AL;PP;88512;Sim;100705;Sim;UNIÃO;MARX BELTRÃO;Reeleito
Deputado Federal;Matheus Noronha;CE;PL;150823;Sim;123990;Sim;PL;MATHEUS NORONHA;Reeleito
Deputado Federal;Maurício Carvalho;RO;UNIÃO;32637;Sim;36242;Sim;UNIÃO;MAURÍCIO CARVALHO;Reeleito
Deputado Federal;Mauricio do Volei;MG;PL;83396;Sim;16122;Não;PL;MAURÍCIO DO VÔLEI;Candidato, não eleito
Deputado Federal;Mauricio Marcon;RS;PODE;140634;Sim;379834;Sim;PL;MAURÍCIO MARCON;Reeleito
Deputado Federal;Mauricio Neves;SP;PP;129731;Sim;269996;Sim;PP;MAURICIO NEVES;Reeleito
Deputado Federal;Mauro Filho;CE;PDT;135038;Sim;90150;Não;UNIÃO;MAURO FILHO;Candidato, não eleito
Deputado Federal;Max;RJ;PROS;89507;Sim;30700;Não;UNIÃO;MAX;Candidato, não eleito
Deputado Federal;Meire Serafim;AC;UNIÃO;21285;Não;;Não;;;Não localizado como candidato ao mesmo cargo
Deputado Federal;Mendonça Filho;PE;UNIÃO;76022;Não;;Não;;;Não localizado como candidato ao mesmo cargo
Deputado Federal;Mersinho Lucena;PB;PP;114818;Sim;62981;Não;PSD;MERSINHO LUCENA;Candidato, não eleito
Deputado Federal;Messias Donato;ES;REPUBLICANOS;42640;Sim;66236;Não;UNIÃO;MESSIAS DONATO;Candidato, não eleito
Deputado Federal;Miguel Ângelo;MG;PT;84173;Sim;110124;Sim;PT;MIGUEL ÂNGELO;Reeleito
Deputado Federal;Miguel Lombardi;SP;PL;107869;Sim;96333;Sim;PL;MIGUEL LOMBARDI;Reeleito
Deputado Federal;Milton Vieira;SP;REPUBLICANOS;98557;Sim;68093;Não;REPUBLICANOS;MILTON VIEIRA;Candidato, não eleito
Deputado Federal;Mineiro;RN;PT;83481;Sim;75091;Não;PT;MINEIRO;Candidato, não eleito
Deputado Federal;Misael Varella;MG;PSD;149398;Não;;Não;;;Não localizado como candidato ao mesmo cargo
Deputado Federal;Moses Rodrigues;CE;UNIÃO;113294;Sim;141205;Sim;UNIÃO;MOSES RODRIGUES;Reeleito
Deputado Federal;Motta;SP;PL;104701;Sim;112854;Sim;PL;MOTTA;Reeleito
Deputado Federal;Murillo Gouvea;RJ;UNIÃO;49921;Sim;37590;Não;PSDB;MURILLO GOUVÊA;Candidato, não eleito
Deputado Federal;Murilo Galdino;PB;REPUBLICANOS;112891;Sim;149302;Sim;REPUBLICANOS;MURILO GALDINO;Reeleito
Deputado Federal;Natália Bonavides;RN;PT;157565;Sim;215509;Sim;PT;NATÁLIA BONAVIDES;Reeleito
Deputado Federal;Nely Aquino;MG;PODE;66866;Sim;70921;Sim;PODE;NELY AQUINO;Reeleito
Deputado Federal;Neto Carletto;BA;PP;164655;Sim;197240;Sim;AVANTE;NETO CARLETTO;Reeleito
Deputado Federal;Newton Cardoso Jr;MG;MDB;103056;Sim;93759;Sim;MDB;NEWTON CARDOSO JR;Reeleito
Deputado Federal;Nicoletti;RR;UNIÃO;10969;Não;;Não;;;Não localizado como candidato ao mesmo cargo
Deputado Federal;Nikolas Ferreira;MG;PL;1492047;Sim;3119318;Sim;PL;NIKOLAS FERREIRA;Reeleito
Deputado Federal;Nilto Tatto;SP;PT;151861;Sim;114560;Sim;PT;NILTO TATTO;Reeleito
Deputado Federal;Odair Cunha;MG;PT;129146;Não;;Não;;;Não localizado como candidato ao mesmo cargo
Deputado Federal;Olival Marques;PA;MDB;102435;Sim;21801;Não;PODE;OLIVAL MARQUES;Candidato, não eleito
Deputado Federal;Osmar Terra;RS;MDB;103245;Sim;116647;Sim;PL;OSMAR TERRA;Reeleito
Deputado Federal;Otoni de Paula;RJ;MDB;158507;Sim;19364;Não;PSD;OTONI DE PAULA;Candidato, não eleito
Deputado Federal;Otto Filho;BA;PSD;200909;Não;;Não;;;Não localizado como candidato ao mesmo cargo
Deputado Federal;Padovani;PR;UNIÃO;57185;Não;;Não;;;Não localizado como candidato ao mesmo cargo
Deputado Federal;Padre João;MG;PT;85718;Sim;86923;Sim;PT;PADRE JOÃO;Reeleito
Deputado Federal;Pastor Diniz;RR;UNIÃO;8243;Sim;14714;Não;UNIÃO;PASTOR DINIZ;Candidato, não eleito
Deputado Federal;Pastor Eurico;PE;PL;100811;Sim;36503;Não;PSDB;PASTOR EURICO;Candidato, não eleito
Deputado Federal;Pastor Gil;MA;PL;69530;Não;;Não;;;Não localizado como candidato ao mesmo cargo
Deputado Federal;Pastor Henrique Vieira;RJ;PSOL;53933;Sim;77584;Sim;PSOL;PASTOR HENRIQUE VIEIRA;Reeleito
Deputado Federal;Pastor Marco Feliciano;SP;PL;220595;Sim;122119;Sim;PL;PASTOR MARCO FELICIANO;Reeleito
Deputado Federal;Pastor Sargento Isidório;BA;AVANTE;77164;Sim;248147;Sim;AVANTE;PASTOR SARGENTO ISIDÓRIO;Reeleito
Deputado Federal;Patrus Ananias;MG;PT;87893;Não;;Não;;;Não localizado como candidato ao mesmo cargo
Deputado Federal;Paulão;AL;PT;65814;Sim;63813;Não;PT;PAULÃO;Candidato, não eleito
Deputado Federal;Paulinho Freire;RN;UNIÃO;77906;Não;;Não;;;Não localizado como candidato ao mesmo cargo
Deputado Federal;Paulo Abi-Ackel;MG;PSDB;105383;Sim;68795;Sim;PSDB;PAULO ABI-ACKEL;Reeleito
Deputado Federal;Paulo Alexandre Barbosa;SP;PSDB;170378;Sim;168207;Sim;PSD;PAULO ALEXANDRE BARBOSA;Reeleito
Deputado Federal;Paulo Azi;BA;UNIÃO;137383;Sim;105797;Sim;UNIÃO;PAULO AZI;Reeleito
Deputado Federal;Paulo Foletto;ES;PSB;48776;Não;;Não;;;Não localizado como candidato ao mesmo cargo
Deputado Federal;Paulo Freire da Costa;SP;PL;161675;Sim;99388;Sim;PL;PAULO FREIRE;Reeleito
Deputado Federal;Paulo Guedes;MG;PT;134494;Sim;126974;Sim;PT;PAULO GUEDES;Reeleito
Deputado Federal;Paulo Litro;PR;PSD;82707;Sim;88601;Sim;UNIÃO;PAULO LITRO;Reeleito
Deputado Federal;Paulo Magalhães;BA;PSD;107093;Sim;82187;Não;PSD;PAULO MAGALHÃES;Candidato, não eleito
Deputado Federal;Paulo Pimenta;RS;PT;223109;Não;;Não;;;Não localizado como candidato ao mesmo cargo
Deputado Federal;Paulo Teixeira;SP;PT;122800;Sim;106062;Não;PT;PAULO TEIXEIRA;Candidato, não eleito
Deputado Federal;Pedro Aihara;MG;PATRIOTA;89404;Sim;64597;Não;PP;PEDRO AIHARA;Candidato, não eleito
Deputado Federal;Pedro Campos;PE;PSB;172526;Sim;261555;Sim;PSB;PEDRO CAMPOS;Reeleito
Deputado Federal;Pedro Lucas Fernandes;MA;UNIÃO;159786;Sim;188853;Sim;UNIÃO;PEDRO LUCAS FERNANDES;Reeleito
Deputado Federal;Pedro Lupion;PR;PP;109043;Sim;109874;Sim;REPUBLICANOS;PEDRO LUPION;Reeleito
Deputado Federal;Pedro Paulo;RJ;PSD;76828;Não;;Não;;;Não localizado como candidato ao mesmo cargo
Deputado Federal;Pedro Westphalen;RS;PP;114258;Sim;128095;Sim;PP;PEDRO WESTPHALEN;Reeleito
Deputado Federal;Pinheirinho;MG;PP;136575;Sim;151981;Sim;PP;PINHEIRINHO;Reeleito
Deputado Federal;Pompeo de Mattos;RS;PDT;100113;Sim;83934;Sim;PDT;POMPEO DE MATTOS;Reeleito
Deputado Federal;Priante;PA;MDB;167275;Sim;170557;Sim;MDB;PRIANTE;Reeleito
Deputado Federal;Professor Alcides;GO;PL;90162;Sim;61685;Não;PSDB;PROFESSOR ALCIDES;Candidato, não eleito
Deputado Federal;Professor Pedro Uczai;SC;PT;173531;Sim;164389;Sim;PT;PROFESSOR PEDRO UCZAI;Reeleito
Deputado Federal;Professor Reginaldo Veras;DF;PV;54557;Sim;43179;Sim;PV;PROF. REGINALDO VERAS;Reeleito
Deputado Federal;Professora Goreth;AP;PDT;8409;Sim;3460;Não;PODE;PROFESSORA GORETH;Candidato, não eleito
Deputado Federal;Rafael Brito (Tio Rafa);AL;MDB;58134;Sim;117115;Sim;MDB;RAFAEL BRITO;Reeleito
Deputado Federal;Rafael Pezenti;SC;MDB;68208;Sim;125010;Sim;MDB;PEZENTI;Reeleito
Deputado Federal;Rafael Prudente;DF;MDB;121307;Sim;119427;Sim;MDB;RAFAEL PRUDENTE;Reeleito
Deputado Federal;Rafael Simoes;MG;UNIÃO;144924;Sim;86131;Sim;UNIÃO;RAFAEL SIMÕES;Reeleito
Deputado Federal;Raimundo Costa;BA;PODE;53486;Sim;102907;Sim;PSD;RAIMUNDO COSTA;Reeleito
Deputado Federal;Raimundo Santos;PA;PSD;62366;Sim;65059;Sim;PSD;RAIMUNDO SANTOS;Reeleito
Deputado Federal;Reginaldo Lopes;MG;PT;196760;Sim;215192;Sim;PT;REGINALDO LOPES;Reeleito
Deputado Federal;Reimont;RJ;PT;39325;Sim;46688;Não;PT;REIMONT;Candidato, não eleito
Deputado Federal;Rejane Dias;PI;PT;125774;Não;;Não;;;Não localizado como candidato ao mesmo cargo
Deputado Federal;Renata Abreu;SP;PODE;180247;Sim;199100;Sim;PODE;RENATA ABREU;Reeleito
Deputado Federal;Renilce Nicodemos;PA;MDB;162208;Sim;201601;Sim;MDB;RENILCE NICODEMOS;Reeleito
Deputado Federal;Renildo Calheiros;PE;PC do B;59686;Sim;74296;Não;PCDOB;RENILDO CALHEIROS;Candidato, não eleito
Deputado Federal;Ricardo Ayres;TO;REPUBLICANOS;45880;Sim;67837;Sim;REPUBLICANOS;RICARDO AYRES;Reeleito
Deputado Federal;Ricardo Barros;PR;PP;107022;Sim;94050;Sim;PP;RICARDO BARROS;Reeleito
Deputado Federal;Ricardo Guidi;SC;PSD;74066;Sim;78698;Sim;PL;RICARDO GUIDI;Reeleito
Deputado Federal;Ricardo Maia;BA;MDB;136834;Sim;147981;Sim;MDB;RICARDO MAIA;Reeleito
Deputado Federal;Ricardo Salles;SP;PL;640918;Não;;Não;;;Não localizado como candidato ao mesmo cargo
Deputado Federal;Ricardo Silva;SP;PSD;133936;Não;;Não;;;Não localizado como candidato ao mesmo cargo
Deputado Federal;Robério Monteiro;CE;PDT;151030;Sim;165876;Sim;PSB;ROBÉRIO MONTEIRO;Reeleito
Deputado Federal;Roberta Roma;BA;PL;160731;Sim;156108;Sim;PL;ROBERTA ROMA;Reeleito
Deputado Federal;Roberto Duarte;AC;REPUBLICANOS;14522;Sim;24854;Sim;REPUBLICANOS;ROBERTO DUARTE;Reeleito
Deputado Federal;Roberto Monteiro Pai;RJ;PL;94221;Sim;38036;Não;PL;ROBERTO MONTEIRO-PAI;Candidato, não eleito
Deputado Federal;Robinson Faria;RN;PL;97319;Sim;123008;Não;PP;ROBINSON FARIA;Candidato, não eleito
Deputado Federal;Rodolfo Nogueira;MS;PL;41773;Sim;103303;Sim;PL;RODOLFO NOGUEIRA;Reeleito
Deputado Federal;Rodrigo de Castro;MG;UNIÃO;122571;Sim;105371;Sim;UNIÃO;RODRIGO DE CASTRO;Reeleito
Deputado Federal;Rodrigo Gambale;SP;PODE;108209;Sim;106901;Sim;PODE;RODRIGO GAMBALE;Reeleito
Deputado Federal;Rodrigo Valadares;SE;UNIÃO;49696;Não;;Não;;;Não localizado como candidato ao mesmo cargo
Deputado Federal;Rogeria Santos;BA;REPUBLICANOS;82012;Sim;70959;Não;REPUBLICANOS;ROGERIA SANTOS;Candidato, não eleito
Deputado Federal;Rogério Correia;MG;PT;185918;Sim;185912;Sim;PT;ROGÉRIO CORREIA;Reeleito
Deputado Federal;Romero Rodrigues;PB;PSC;114573;Sim;96445;Não;PODE;ROMERO RODRIGUES;Candidato, não eleito
Deputado Federal;Rosana Valle;SP;PL;216437;Sim;213752;Sim;PL;ROSANA VALLE;Reeleito
Deputado Federal;Rosangela Gomes;RJ;REPUBLICANOS;76292;Sim;64975;Não;REPUBLICANOS;ROSANGELA GOMES;Candidato, não eleito
Deputado Federal;Rosângela Moro;SP;UNIÃO;217170;Não;;Não;;;Não localizado como candidato ao mesmo cargo
Deputado Federal;Rosângela Reis;MG;PL;42009;Sim;57063;Sim;PL;ROSANGELA REIS;Reeleito
Deputado Federal;Roseana Sarney;MA;MDB;97008;Não;;Não;;;Não localizado como candidato ao mesmo cargo
Deputado Federal;Rubens Otoni;GO;PT;83539;Sim;101902;Sim;PT;RUBENS OTONI;Reeleito
Deputado Federal;Rubens Pereira Jr;MA;PT;91872;Sim;92916;Sim;PT;RUBENS PEREIRA JR;Reeleito
Deputado Federal;Rui Falcão;SP;PT;193990;Sim;106443;Não;PT;RUI FALCÃO;Candidato, não eleito
Deputado Federal;Ruy Carneiro;PB;PSC;102531;Sim;102885;Sim;PODE;RUY CARNEIRO;Reeleito
Deputado Federal;Sâmia Bomfim;SP;PSOL;226187;Sim;583107;Sim;PSOL;SÂMIA BOMFIM;Reeleito
Deputado Federal;Samuel Viana;MG;PL;62704;Sim;84879;Sim;UNIÃO;SAMUEL VIANA;Reeleito
Deputado Federal;Sanderson;RS;PL;86690;Não;;Não;;;Não localizado como candidato ao mesmo cargo
Deputado Federal;Sandro Alex;PR;PSD;168157;Não;;Não;;;Não localizado como candidato ao mesmo cargo
Deputado Federal;Sargento Fahur;PR;PSD;161500;Sim;242643;Sim;PL;SARGENTO FAHUR;Reeleito
Deputado Federal;Sargento Gonçalves;RN;PL;56315;Sim;154073;Sim;PL;SARGENTO GONÇALVES;Reeleito
Deputado Federal;Sargento Portugal;RJ;PODE;33368;Sim;75270;Não;PODE;SARGENTO PORTUGAL;Candidato, não eleito
Deputado Federal;Saullo Vianna;AM;UNIÃO;127287;Sim;91726;Sim;MDB;SAULLO VIANNA;Reeleito
Deputado Federal;Sérgio Brito;BA;PSD;116960;Sim;148775;Sim;PSD;SERGIO BRITO;Reeleito
Deputado Federal;Sérgio Souza;PR;MDB;105661;Sim;69791;Sim;MDB;SERGIO SOUZA;Reeleito
Deputado Federal;Sidney Leite;AM;PSD;102181;Sim;138498;Sim;PSD;SIDNEY LEITE;Reeleito
Deputado Federal;Silas Câmara;AM;REPUBLICANOS;125068;Sim;93592;Não;REPUBLICANOS;SILAS CÂMARA;Candidato, não eleito
Deputado Federal;Silvia Cristina;RO;PL;65012;Não;;Não;;;Não localizado como candidato ao mesmo cargo
Deputado Federal;Silvia Waiãpi;AP;PL;5435;Não;;Não;;;Não localizado como candidato ao mesmo cargo
Deputado Federal;Silvio Costa Filho;PE;REPUBLICANOS;162056;Sim;170859;Sim;REPUBLICANOS;SILVIO COSTA FILHO;Reeleito
Deputado Federal;Silvye Alves;GO;UNIÃO;254653;Sim;78332;Sim;UNIÃO;SILVYE ALVES;Reeleito
Deputado Federal;Simone Marquetto;SP;MDB;97730;Não;;Não;;;Não localizado como candidato ao mesmo cargo
Deputado Federal;Socorro Neri;AC;PP;25842;Sim;39587;Sim;PP;SOCORRO NERI;Reeleito
Deputado Federal;Sônia Guajajara;SP;PSOL;156966;Sim;54207;Sim;PSOL;SÔNIA GUAJAJARA;Reeleito
Deputado Federal;Sonize Barbosa;AP;PL;9200;Não;;Não;;;Não localizado como candidato ao mesmo cargo
Deputado Federal;Soraya Santos;RJ;PL;130379;Sim;141443;Sim;PL;SORAYA SANTOS;Reeleito
Deputado Federal;Sóstenes Cavalcante;RJ;PL;65443;Sim;170290;Sim;PL;SÓSTENES CAVALCANTE;Reeleito
Deputado Federal;Stefano Aguiar;MG;PSD;96503;Sim;20205;Não;PSD;STEFANO AGUIAR;Candidato, não eleito
Deputado Federal;Tabata Amaral;SP;PSB;337873;Sim;476383;Sim;PSB;TABATA AMARAL;Reeleito
Deputado Federal;Tadeu Veneri;PR;PT;84758;Sim;57105;Não;PT;TADEU VENERI;Candidato, não eleito
Deputado Federal;Taliria Petrone;RJ;PSOL;198548;Sim;122500;Sim;PSOL;TALÍRIA PETRONE;Reeleito
Deputado Federal;Tarcísio Motta;RJ;PSOL;159928;Sim;69407;Não;PSOL;TARCÍSIO MOTTA;Candidato, não eleito
Deputado Federal;Tenente Coronel Zucco;RS;REPUBLICANOS;259023;Não;;Não;;;Não localizado como candidato ao mesmo cargo
Deputado Federal;Thiago de Joaldo;SE;PP;45698;Sim;57541;Não;REPUBLICANOS;THIAGO DE JOALDO;Candidato, não eleito
Deputado Federal;Thiago Flores;RO;MDB;23791;Sim;43143;Sim;UNIÃO;THIAGO FLORES;Reeleito
Deputado Federal;Tião Medeiros;PR;PP;109344;Sim;85951;Sim;PP;TIÃO MEDEIROS;Reeleito
Deputado Federal;Tiririca;SP;PL;71754;Não;;Não;;;Não localizado como candidato ao mesmo cargo
Deputado Federal;Toinho Andrade;TO;REPUBLICANOS;63813;Não;;Não;;;Não localizado como candidato ao mesmo cargo
Deputado Federal;Toninho Wandscheer;PR;PROS;74263;Sim;88157;Sim;PP;TONINHO WANDSCHEER;Reeleito
Deputado Federal;Túlio Gadelha;PE;REDE;134391;Não;;Não;;;Não localizado como candidato ao mesmo cargo
Deputado Federal;Valmir Assunção;BA;PT;90148;Sim;148941;Sim;PT;VALMIR ASSUNÇÃO;Reeleito
Deputado Federal;Vander Loubet;MS;PT;76571;Não;;Não;;;Não localizado como candidato ao mesmo cargo
Deputado Federal;Vermelho;PR;PL;70790;Sim;72166;Sim;PL;VERMELHO;Reeleito
Deputado Federal;Vicentinho Junior;TO;PP;55292;Não;;Não;;;Não localizado como candidato ao mesmo cargo
Deputado Federal;Vinicius Carvalho;SP;REPUBLICANOS;113009;Sim;12773;Não;PL;VINICIUS CARVALHO;Candidato, não eleito
Deputado Federal;Vinicius Gurgel;AP;PL;13253;Sim;19625;Sim;PL;VINICIUS GURGEL;Reeleito
Deputado Federal;Vitor Lippi;SP;PSDB;106661;Sim;88462;Não;PSD;VITOR LIPPI;Candidato, não eleito
Deputado Federal;Waldemar Oliveira;PE;AVANTE;141386;Sim;97152;Sim;AVANTE;WALDEMAR OLIVEIRA;Reeleito
Deputado Federal;Waldenor Pereira;BA;PT;113110;Sim;96378;Não;PT;WALDENOR;Candidato, não eleito
Deputado Federal;Washington Quaquá;RJ;PT;113282;Não;;Não;;;Não localizado como candidato ao mesmo cargo
Deputado Federal;Weliton Prado;MG;PROS;126214;Sim;129366;Sim;PSD;WELITON PRADO;Reeleito
Deputado Federal;Wellington Roberto;PB;PL;109067;Sim;84419;Sim;PSD;WELLINGTON ROBERTO;Reeleito
Deputado Federal;Wilson Santiago;PB;REPUBLICANOS;84407;Sim;112050;Sim;REPUBLICANOS;WILSON SANTIAGO;Reeleito
Deputado Federal;Yandra de André;SE;UNIÃO;131471;Não;;Não;;;Não localizado como candidato ao mesmo cargo
Deputado Federal;Yury do Paredão;CE;PL;90425;Sim;261291;Sim;MDB;YURY DO PAREDÃO;Reeleito
Deputado Federal;Zé Haroldo Cathedral;RR;PSD;10361;Sim;15796;Sim;UNIÃO;ZÉ HAROLDO CATHEDRAL;Reeleito
Deputado Federal;Zé Neto;BA;PT;128439;Sim;104550;Não;PT;ZÉ NETO;Candidato, não eleito
Deputado Federal;Zé Silva;MG;SOLIDARIEDADE;86042;Sim;71177;Não;UNIÃO;ZÉ SILVA;Candidato, não eleito
Deputado Federal;Zé Trovão;SC;PL;71140;Sim;89830;Sim;PL;ZÉ TROVÃO;Reeleito
Deputado Federal;Zé Vitor;MG;PL;152748;Sim;145006;Sim;PL;ZÉ VITOR;Reeleito
Deputado Federal;Zeca Dirceu;PR;PT;123033;Sim;160650;Sim;PT;ZECA DIRCEU;Reeleito
Deputado Federal;Zezinho Barbary;AC;PP;19958;Sim;20902;Não;PP;ZEZINHO BARBARY;Candidato, não eleito
Deputado Distrital;Chico Vigilante;DF;PT;43854;Sim;50046;Sim;PT;CHICO VIGILANTE;Reeleito
Deputado Distrital;Daniel Donizet;DF;PL;33573;Não;;Não;;;Não localizado como candidato ao mesmo cargo
Deputado Distrital;Dayse Amarilio;DF;PSB;11012;Sim;15440;Sim;PSB;DAYSE AMARILIO;Reeleito
Deputado Distrital;Doutora Jane;DF;AGIR;19006;Sim;12762;Não;REPUBLICANOS;DELEGADA DOUTORA JANE;Candidato, não eleito
Deputado Distrital;Eduardo Pedrosa;DF;UNIÃO;22489;Sim;50833;Sim;UNIÃO;EDUARDO PEDROSA;Reeleito
Deputado Distrital;Fábio Felix;DF;PSOL;51792;Não;;Não;;;Não localizado como candidato ao mesmo cargo
Deputado Distrital;Gabriel Magno;DF;PT;18063;Sim;42331;Sim;PT;GABRIEL MAGNO;Reeleito
Deputado Distrital;Hermeto;DF;MDB;20332;Sim;26433;Sim;MDB;HERMETO;Reeleito
Deputado Distrital;Iolando;DF;MDB;20757;Sim;19780;Não;MDB;IOLANDO;Candidato, não eleito
Deputado Distrital;Jaqueline Silva;DF;AGIR;26452;Sim;31882;Sim;MDB;JAQUELINE SILVA;Reeleito
Deputado Distrital;Joao Cardoso Professor Auditor;DF;AVANTE;17579;Sim;20622;Sim;PL;JOÃO CARDOSO;Reeleito
Deputado Distrital;Joaquim Roriz Neto;DF;PL;21057;Sim;45604;Sim;PL;JOAQUIM RORIZ NETO;Reeleito
Deputado Distrital;Jorge Vianna;DF;PSD;30640;Sim;18906;Não;DEMOCRATA;JORGE VIANNA;Candidato, não eleito
Deputado Distrital;Martins Machado;DF;REPUBLICANOS;31993;Sim;27541;Sim;REPUBLICANOS;MARTINS MACHADO;Reeleito
Deputado Distrital;Max Maciel;DF;PSOL;35758;Sim;92234;Sim;PSOL;MAX MACIEL;Reeleito
Deputado Distrital;Pastor Daniel de Castro;DF;PP;20402;Sim;21326;Sim;PP;PASTOR DANIEL DE CASTRO;Reeleito
Deputado Distrital;Paula Belmonte;DF;CIDADANIA;17208;Não;;Não;;;Não localizado como candidato ao mesmo cargo
Deputado Distrital;Pepa;DF;PP;15393;Sim;29786;Sim;PP;PEPA;Reeleito
Deputado Distrital;Ricardo Vale;DF;PT;17077;Sim;29387;Sim;PT;RICARDO VALE;Reeleito
Deputado Distrital;Robério Negreiros;DF;PSD;31341;Sim;37401;Sim;PODE;ROBÉRIO NEGREIROS;Reeleito
Deputado Distrital;Rogério Morro da Cruz;DF;PMN;18207;Sim;19603;Sim;PSD;ROGERIO MORRO DA CRUZ;Reeleito
Deputado Distrital;Roosevelt Vilela;DF;PL;20223;Sim;39181;Sim;PL;ROOSEVELT VILELA;Reeleito
Deputado Distrital;Thiago Manzoni;DF;PL;25554;Não;;Não;;;Não localizado como candidato ao mesmo cargo
Deputado Distrital;Wellington Luiz;DF;MDB;16933;Sim;28796;Sim;MDB;WELLINGTON LUIZ;Reeleito
Senador;Alan Rick;Acre;UNIÃO;154312;Não se aplica;;Não se aplica;;;"Mandato de senador eleito em 2022 vai até 2031; não havia reeleição dessa cadeira em 2026"
Senador;Beto Faro;Pará;PT;1781582;Não se aplica;;Não se aplica;;;"Mandato de senador eleito em 2022 vai até 2031; não havia reeleição dessa cadeira em 2026"
Senador;Camilo Santana;Ceará;PT;3389513;Não se aplica;;Não se aplica;;;"Mandato de senador eleito em 2022 vai até 2031; não havia reeleição dessa cadeira em 2026"
Senador;Cleitinho Azevedo;Minas Gerais;PSC;4268193;Não se aplica;;Não se aplica;;;"Mandato de senador eleito em 2022 vai até 2031; não havia reeleição dessa cadeira em 2026"
Senador;Damares Alves;Distrito Federal;REPUBLICANOS;714562;Não se aplica;;Não se aplica;;;"Mandato de senador eleito em 2022 vai até 2031; não havia reeleição dessa cadeira em 2026"
Senador;Davi Alcolumbre;Amapá;UNIÃO;196087;Não se aplica;;Não se aplica;;;"Mandato de senador eleito em 2022 vai até 2031; não havia reeleição dessa cadeira em 2026"
Senador;Dorinha;Tocantins;UNIÃO;395408;Não se aplica;;Não se aplica;;;"Mandato de senador eleito em 2022 vai até 2031; não havia reeleição dessa cadeira em 2026"
Senador;Efraim Filho;Paraíba;UNIÃO;617477;Não se aplica;;Não se aplica;;;"Mandato de senador eleito em 2022 vai até 2031; não havia reeleição dessa cadeira em 2026"
Senador;Flávio Dino;Maranhão;PSB;2125811;Não se aplica;;Não se aplica;;;"Mandato de senador eleito em 2022 vai até 2031; não havia reeleição dessa cadeira em 2026"
Senador;Hamilton Mourão;Rio Grande do Sul;REPUBLICANOS;2593294;Não se aplica;;Não se aplica;;;"Mandato de senador eleito em 2022 vai até 2031; não havia reeleição dessa cadeira em 2026"
Senador;Hiran Gonçalves;Roraima;PP;118760;Não se aplica;;Não se aplica;;;"Mandato de senador eleito em 2022 vai até 2031; não havia reeleição dessa cadeira em 2026"
Senador;Jaime Bagattoli;Rondônia;PL;293488;Não se aplica;;Não se aplica;;;"Mandato de senador eleito em 2022 vai até 2031; não havia reeleição dessa cadeira em 2026"
Senador;Jorge Seif;Santa Catarina;PL;1484110;Não se aplica;;Não se aplica;;;"Mandato de senador eleito em 2022 vai até 2031; não havia reeleição dessa cadeira em 2026"
Senador;Laércio;Sergipe;PP;310300;Não se aplica;;Não se aplica;;;"Mandato de senador eleito em 2022 vai até 2031; não havia reeleição dessa cadeira em 2026"
Senador;Magno Malta;Espírito Santo;PL;821189;Não se aplica;;Não se aplica;;;"Mandato de senador eleito em 2022 vai até 2031; não havia reeleição dessa cadeira em 2026"
Senador;Marcos Pontes;São Paulo;PL;10714913;Não se aplica;;Não se aplica;;;"Mandato de senador eleito em 2022 vai até 2031; não havia reeleição dessa cadeira em 2026"
Senador;Omar Aziz;Amazonas;PSD;783939;Não se aplica;;Não se aplica;;;"Mandato de senador eleito em 2022 vai até 2031; não havia reeleição dessa cadeira em 2026"
Senador;Otto Alencar;Bahia;PSD;4218333;Não se aplica;;Não se aplica;;;"Mandato de senador eleito em 2022 vai até 2031; não havia reeleição dessa cadeira em 2026"
Senador;Renan Filho;Alagoas;MDB;845988;Não se aplica;;Não se aplica;;;"Mandato de senador eleito em 2022 vai até 2031; não havia reeleição dessa cadeira em 2026"
Senador;Rogério Marinho;Rio Grande do Norte;PL;708351;Não se aplica;;Não se aplica;;;"Mandato de senador eleito em 2022 vai até 2031; não havia reeleição dessa cadeira em 2026"
Senador;Romário;Rio de Janeiro;PL;2384331;Não se aplica;;Não se aplica;;;"Mandato de senador eleito em 2022 vai até 2031; não havia reeleição dessa cadeira em 2026"
Senador;Sergio Moro;Paraná;UNIÃO;1953188;Não se aplica;;Não se aplica;;;"Mandato de senador eleito em 2022 vai até 2031; não havia reeleição dessa cadeira em 2026"
Senador;Teresa Leitão;Pernambuco;PT;2061276;Não se aplica;;Não se aplica;;;"Mandato de senador eleito em 2022 vai até 2031; não havia reeleição dessa cadeira em 2026"
Senador;Tereza Cristina;Mato Grosso do Sul;PP;829149;Não se aplica;;Não se aplica;;;"Mandato de senador eleito em 2022 vai até 2031; não havia reeleição dessa cadeira em 2026"
Senador;Wellington Dias;Piauí;PT;962194;Não se aplica;;Não se aplica;;;"Mandato de senador eleito em 2022 vai até 2031; não havia reeleição dessa cadeira em 2026"
Senador;Wellington Fagundes;Mato Grosso;PL;825229;Não se aplica;;Não se aplica;;;"Mandato de senador eleito em 2022 vai até 2031; não havia reeleição dessa cadeira em 2026"
Senador;Wilder Morais;Goiás;PL;799022;Não se aplica;;Não se aplica;;;"Mandato de senador eleito em 2022 vai até 2031; não havia reeleição dessa cadeira em 2026"